times,async,sync
1,0.09934104900094098,0.14354206699863425
2,0.17653645800055529,0.2707233319997613
3,0.1862990740009991,0.41019391999907384
4,0.33019961600075476,0.5592311130003509
