Type,Name,Request Count,Failure Count,Median Response Time,Average Response Time,Min Response Time,Max Response Time,Average Content Size,Requests/s,Failures/s,50%,66%,75%,80%,90%,95%,98%,99%,99.9%,99.99%,100%
POST,/api/v1/ml/sync/predict,34812,0,14000.0,12297.700664184325,94.62453800369985,34470.5953609955,31.227507755946224,71.43356706080431,0.0,14000,14000,14000,14000,15000,15000,16000,23000,29000,31000,34000
,Aggregated,34812,0,14000.0,12297.700664184325,94.62453800369985,34470.5953609955,31.227507755946224,71.43356706080431,0.0,14000,14000,14000,14000,15000,15000,16000,23000,29000,31000,34000
