Type,Name,Request Count,Failure Count,Median Response Time,Average Response Time,Min Response Time,Max Response Time,Average Content Size,Requests/s,Failures/s,50%,66%,75%,80%,90%,95%,98%,99%,99.9%,99.99%,100%
POST,/api/v1/ml/async/predict,36282,0,130.0,158.1244719670418,53.44786599744111,1379.9222579982597,30.229232126123147,121.38528665632172,0.0,130,160,180,200,240,330,490,790,1200,1400,1400
,Aggregated,36282,0,130.0,158.1244719670418,53.44786599744111,1379.9222579982597,30.229232126123147,121.38528665632172,0.0,130,160,180,200,240,330,490,790,1200,1400,1400
