Type,Name,Request Count,Failure Count,Median Response Time,Average Response Time,Min Response Time,Max Response Time,Average Content Size,Requests/s,Failures/s,50%,66%,75%,80%,90%,95%,98%,99%,99.9%,99.99%,100%
POST,/api/v1/ml/sync/predict,20993,0,1100.0,1174.8357254146617,91.65298200241523,2613.0444399968837,31.229409803267757,70.10566131704721,0.0,1100,1100,1200,1200,1700,2200,2300,2300,2500,2600,2600
,Aggregated,20993,0,1100.0,1174.8357254146617,91.65298200241523,2613.0444399968837,31.229409803267757,70.10566131704721,0.0,1100,1100,1200,1200,1700,2200,2300,2300,2500,2600,2600
