Type,Name,Request Count,Failure Count,Median Response Time,Average Response Time,Min Response Time,Max Response Time,Average Content Size,Requests/s,Failures/s,50%,66%,75%,80%,90%,95%,98%,99%,99.9%,99.99%,100%
POST,/api/v1/ml/sync/predict,99,0,120.0,116.1018239999792,102.45279199807555,127.51660499998252,31.252525252525253,1.007808939879901,0.0,120,120,120,120,120,130,130,130,130,130,130
,Aggregated,99,0,120.0,116.1018239999792,102.45279199807555,127.51660499998252,31.252525252525253,1.007808939879901,0.0,120,120,120,120,120,130,130,130,130,130,130
