Type,Name,Request Count,Failure Count,Median Response Time,Average Response Time,Min Response Time,Max Response Time,Average Content Size,Requests/s,Failures/s,50%,66%,75%,80%,90%,95%,98%,99%,99.9%,99.99%,100%
POST,/api/v1/ml/async/predict,100,0,87,83.9705364598558,55.79377699905308,111.866953997378,30.24,1.008436234379832,0.0,87,92,94,96,98,100,100,110,110,110,110
,Aggregated,100,0,87,83.9705364598558,55.79377699905308,111.866953997378,30.24,1.008436234379832,0.0,87,92,94,96,98,100,100,110,110,110,110
