Type,Name,Request Count,Failure Count,Median Response Time,Average Response Time,Min Response Time,Max Response Time,Average Content Size,Requests/s,Failures/s,50%,66%,75%,80%,90%,95%,98%,99%,99.9%,99.99%,100%
POST,/api/v1/ml/sync/predict,6518,0,3300.0,3365.5463978146317,100.417715999356,13874.509559005674,31.21724455354403,65.53876560795824,0.0,3300,4200,5000,5400,6000,6700,7600,9300,12000,14000,14000
,Aggregated,6518,0,3300.0,3365.5463978146317,100.417715999356,13874.509559005674,31.21724455354403,65.53876560795824,0.0,3300,4200,5000,5400,6000,6700,7600,9300,12000,14000,14000
