Type,Name,Request Count,Failure Count,Median Response Time,Average Response Time,Min Response Time,Max Response Time,Average Content Size,Requests/s,Failures/s,50%,66%,75%,80%,90%,95%,98%,99%,99.9%,99.99%,100%
POST,/api/v1/ml/async/predict,11921,0,1000.0,997.1714643784729,55.48038500273833,7063.083068998822,30.230601459609094,119.61343794901495,0.0,1000,1200,1200,1300,1400,1600,3300,6100,7000,7100,7100
,Aggregated,11921,0,1000.0,997.1714643784729,55.48038500273833,7063.083068998822,30.230601459609094,119.61343794901495,0.0,1000,1200,1200,1300,1400,1600,3300,6100,7000,7100,7100
